[{"model": "admin.logentry", "pk": 1, "fields": {"action_time": "2021-11-23T10:25:18.154Z", "user": 1, "content_type": 7, "object_id": "1", "object_repr": "Payal Yadav", "action_flag": 1, "change_message": "[{\"added\": {}}]"}}, {"model": "admin.logentry", "pk": 2, "fields": {"action_time": "2021-11-23T10:26:55.518Z", "user": 1, "content_type": 8, "object_id": "1", "object_repr": "Data Structure and Algorithms", "action_flag": 1, "change_message": "[{\"added\": {}}]"}}, {"model": "admin.logentry", "pk": 3, "fields": {"action_time": "2021-11-23T10:27:07.007Z", "user": 1, "content_type": 8, "object_id": "2", "object_repr": "ML & AI", "action_flag": 1, "change_message": "[{\"added\": {}}]"}}, {"model": "admin.logentry", "pk": 4, "fields": {"action_time": "2021-11-23T10:27:14.862Z", "user": 1, "content_type": 8, "object_id": "3", "object_repr": "Coding", "action_flag": 1, "change_message": "[{\"added\": {}}]"}}, {"model": "admin.logentry", "pk": 5, "fields": {"action_time": "2021-11-23T10:27:42.978Z", "user": 1, "content_type": 8, "object_id": "4", "object_repr": "Web Development", "action_flag": 1, "change_message": "[{\"added\": {}}]"}}, {"model": "admin.logentry", "pk": 6, "fields": {"action_time": "2021-11-23T10:28:18.645Z", "user": 1, "content_type": 8, "object_id": "5", "object_repr": "Data Science", "action_flag": 1, "change_message": "[{\"added\": {}}]"}}, {"model": "admin.logentry", "pk": 7, "fields": {"action_time": "2021-11-23T10:28:36.032Z", "user": 1, "content_type": 8, "object_id": "6", "object_repr": "AR/VR", "action_flag": 1, "change_message": "[{\"added\": {}}]"}}, {"model": "admin.logentry", "pk": 8, "fields": {"action_time": "2021-11-23T10:28:56.574Z", "user": 1, "content_type": 8, "object_id": "7", "object_repr": "Cyber Security", "action_flag": 1, "change_message": "[{\"added\": {}}]"}}, {"model": "admin.logentry", "pk": 9, "fields": {"action_time": "2021-11-23T10:34:01.885Z", "user": 1, "content_type": 9, "object_id": "1", "object_repr": "C++ vs Java", "action_flag": 1, "change_message": "[{\"added\": {}}]"}}, {"model": "admin.logentry", "pk": 10, "fields": {"action_time": "2021-11-23T11:34:42.193Z", "user": 1, "content_type": 8, "object_id": "3", "object_repr": "Coding", "action_flag": 2, "change_message": "[{\"changed\": {\"fields\": [\"Description\"]}}]"}}, {"model": "admin.logentry", "pk": 11, "fields": {"action_time": "2021-11-23T12:47:03.232Z", "user": 1, "content_type": 17, "object_id": "1", "object_repr": "Yes, according to me C++ is better . As it's syntax is easier comparison to Java", "action_flag": 1, "change_message": "[{\"added\": {}}]"}}, {"model": "admin.logentry", "pk": 12, "fields": {"action_time": "2021-11-23T12:48:30.629Z", "user": 1, "content_type": 16, "object_id": "1", "object_repr": "Yeah with easier syntax , C++ also provides various shortcuts which saves time.", "action_flag": 1, "change_message": "[{\"added\": {}}]"}}, {"model": "admin.logentry", "pk": 13, "fields": {"action_time": "2021-11-23T12:48:39.456Z", "user": 1, "content_type": 17, "object_id": "1", "object_repr": "Yes, according to me C++ is better . As it's syntax is easier comparison to Java", "action_flag": 2, "change_message": "[{\"changed\": {\"fields\": [\"Replies\"]}}]"}}, {"model": "admin.logentry", "pk": 14, "fields": {"action_time": "2021-11-23T12:48:52.409Z", "user": 1, "content_type": 9, "object_id": "1", "object_repr": "C++ vs Java", "action_flag": 2, "change_message": "[{\"changed\": {\"fields\": [\"Comments\"]}}]"}}, {"model": "admin.logentry", "pk": 15, "fields": {"action_time": "2021-11-23T12:52:20.311Z", "user": 1, "content_type": 16, "object_id": "2", "object_repr": "yes true. improves efficiency", "action_flag": 1, "change_message": "[{\"added\": {}}]"}}, {"model": "admin.logentry", "pk": 16, "fields": {"action_time": "2021-11-23T12:52:24.372Z", "user": 1, "content_type": 17, "object_id": "1", "object_repr": "Yes, according to me C++ is better . As it's syntax is easier comparison to Java", "action_flag": 2, "change_message": "[{\"changed\": {\"fields\": [\"Replies\"]}}]"}}, {"model": "admin.logentry", "pk": 17, "fields": {"action_time": "2021-11-23T16:12:10.673Z", "user": 1, "content_type": 9, "object_id": "2", "object_repr": "DSA", "action_flag": 2, "change_message": "[{\"changed\": {\"fields\": [\"Content\", \"Approved\"]}}]"}}, {"model": "admin.logentry", "pk": 18, "fields": {"action_time": "2021-11-24T07:14:37.121Z", "user": 1, "content_type": 9, "object_id": "4", "object_repr": "Inbuilt functions", "action_flag": 2, "change_message": "[{\"changed\": {\"fields\": [\"Content\", \"Closed\"]}}]"}}, {"model": "admin.logentry", "pk": 19, "fields": {"action_time": "2021-11-26T10:49:19.221Z", "user": 1, "content_type": 9, "object_id": "9", "object_repr": "Machine Learning", "action_flag": 2, "change_message": "[{\"changed\": {\"fields\": [\"Content\", \"Approved\"]}}]"}}, {"model": "admin.logentry", "pk": 20, "fields": {"action_time": "2021-11-26T12:04:00.111Z", "user": 1, "content_type": 9, "object_id": "10", "object_repr": "AI", "action_flag": 2, "change_message": "[{\"changed\": {\"fields\": [\"Content\", \"Approved\"]}}]"}}, {"model": "auth.permission", "pk": 1, "fields": {"name": "Can add log entry", "content_type": 1, "codename": "add_logentry"}}, {"model": "auth.permission", "pk": 2, "fields": {"name": "Can change log entry", "content_type": 1, "codename": "change_logentry"}}, {"model": "auth.permission", "pk": 3, "fields": {"name": "Can delete log entry", "content_type": 1, "codename": "delete_logentry"}}, {"model": "auth.permission", "pk": 4, "fields": {"name": "Can view log entry", "content_type": 1, "codename": "view_logentry"}}, {"model": "auth.permission", "pk": 5, "fields": {"name": "Can add permission", "content_type": 2, "codename": "add_permission"}}, {"model": "auth.permission", "pk": 6, "fields": {"name": "Can change permission", "content_type": 2, "codename": "change_permission"}}, {"model": "auth.permission", "pk": 7, "fields": {"name": "Can delete permission", "content_type": 2, "codename": "delete_permission"}}, {"model": "auth.permission", "pk": 8, "fields": {"name": "Can view permission", "content_type": 2, "codename": "view_permission"}}, {"model": "auth.permission", "pk": 9, "fields": {"name": "Can add group", "content_type": 3, "codename": "add_group"}}, {"model": "auth.permission", "pk": 10, "fields": {"name": "Can change group", "content_type": 3, "codename": "change_group"}}, {"model": "auth.permission", "pk": 11, "fields": {"name": "Can delete group", "content_type": 3, "codename": "delete_group"}}, {"model": "auth.permission", "pk": 12, "fields": {"name": "Can view group", "content_type": 3, "codename": "view_group"}}, {"model": "auth.permission", "pk": 13, "fields": {"name": "Can add user", "content_type": 4, "codename": "add_user"}}, {"model": "auth.permission", "pk": 14, "fields": {"name": "Can change user", "content_type": 4, "codename": "change_user"}}, {"model": "auth.permission", "pk": 15, "fields": {"name": "Can delete user", "content_type": 4, "codename": "delete_user"}}, {"model": "auth.permission", "pk": 16, "fields": {"name": "Can view user", "content_type": 4, "codename": "view_user"}}, {"model": "auth.permission", "pk": 17, "fields": {"name": "Can add content type", "content_type": 5, "codename": "add_contenttype"}}, {"model": "auth.permission", "pk": 18, "fields": {"name": "Can change content type", "content_type": 5, "codename": "change_contenttype"}}, {"model": "auth.permission", "pk": 19, "fields": {"name": "Can delete content type", "content_type": 5, "codename": "delete_contenttype"}}, {"model": "auth.permission", "pk": 20, "fields": {"name": "Can view content type", "content_type": 5, "codename": "view_contenttype"}}, {"model": "auth.permission", "pk": 21, "fields": {"name": "Can add session", "content_type": 6, "codename": "add_session"}}, {"model": "auth.permission", "pk": 22, "fields": {"name": "Can change session", "content_type": 6, "codename": "change_session"}}, {"model": "auth.permission", "pk": 23, "fields": {"name": "Can delete session", "content_type": 6, "codename": "delete_session"}}, {"model": "auth.permission", "pk": 24, "fields": {"name": "Can view session", "content_type": 6, "codename": "view_session"}}, {"model": "auth.permission", "pk": 25, "fields": {"name": "Can add author", "content_type": 7, "codename": "add_author"}}, {"model": "auth.permission", "pk": 26, "fields": {"name": "Can change author", "content_type": 7, "codename": "change_author"}}, {"model": "auth.permission", "pk": 27, "fields": {"name": "Can delete author", "content_type": 7, "codename": "delete_author"}}, {"model": "auth.permission", "pk": 28, "fields": {"name": "Can view author", "content_type": 7, "codename": "view_author"}}, {"model": "auth.permission", "pk": 29, "fields": {"name": "Can add category", "content_type": 8, "codename": "add_category"}}, {"model": "auth.permission", "pk": 30, "fields": {"name": "Can change category", "content_type": 8, "codename": "change_category"}}, {"model": "auth.permission", "pk": 31, "fields": {"name": "Can delete category", "content_type": 8, "codename": "delete_category"}}, {"model": "auth.permission", "pk": 32, "fields": {"name": "Can view category", "content_type": 8, "codename": "view_category"}}, {"model": "auth.permission", "pk": 33, "fields": {"name": "Can add post", "content_type": 9, "codename": "add_post"}}, {"model": "auth.permission", "pk": 34, "fields": {"name": "Can change post", "content_type": 9, "codename": "change_post"}}, {"model": "auth.permission", "pk": 35, "fields": {"name": "Can delete post", "content_type": 9, "codename": "delete_post"}}, {"model": "auth.permission", "pk": 36, "fields": {"name": "Can view post", "content_type": 9, "codename": "view_post"}}, {"model": "auth.permission", "pk": 37, "fields": {"name": "Can add tag", "content_type": 10, "codename": "add_tag"}}, {"model": "auth.permission", "pk": 38, "fields": {"name": "Can change tag", "content_type": 10, "codename": "change_tag"}}, {"model": "auth.permission", "pk": 39, "fields": {"name": "Can delete tag", "content_type": 10, "codename": "delete_tag"}}, {"model": "auth.permission", "pk": 40, "fields": {"name": "Can view tag", "content_type": 10, "codename": "view_tag"}}, {"model": "auth.permission", "pk": 41, "fields": {"name": "Can add tagged item", "content_type": 11, "codename": "add_taggeditem"}}, {"model": "auth.permission", "pk": 42, "fields": {"name": "Can change tagged item", "content_type": 11, "codename": "change_taggeditem"}}, {"model": "auth.permission", "pk": 43, "fields": {"name": "Can delete tagged item", "content_type": 11, "codename": "delete_taggeditem"}}, {"model": "auth.permission", "pk": 44, "fields": {"name": "Can view tagged item", "content_type": 11, "codename": "view_taggeditem"}}, {"model": "auth.permission", "pk": 45, "fields": {"name": "Can add Blacklisted IP", "content_type": 12, "codename": "add_blacklistip"}}, {"model": "auth.permission", "pk": 46, "fields": {"name": "Can change Blacklisted IP", "content_type": 12, "codename": "change_blacklistip"}}, {"model": "auth.permission", "pk": 47, "fields": {"name": "Can delete Blacklisted IP", "content_type": 12, "codename": "delete_blacklistip"}}, {"model": "auth.permission", "pk": 48, "fields": {"name": "Can view Blacklisted IP", "content_type": 12, "codename": "view_blacklistip"}}, {"model": "auth.permission", "pk": 49, "fields": {"name": "Can add Blacklisted User Agent", "content_type": 13, "codename": "add_blacklistuseragent"}}, {"model": "auth.permission", "pk": 50, "fields": {"name": "Can change Blacklisted User Agent", "content_type": 13, "codename": "change_blacklistuseragent"}}, {"model": "auth.permission", "pk": 51, "fields": {"name": "Can delete Blacklisted User Agent", "content_type": 13, "codename": "delete_blacklistuseragent"}}, {"model": "auth.permission", "pk": 52, "fields": {"name": "Can view Blacklisted User Agent", "content_type": 13, "codename": "view_blacklistuseragent"}}, {"model": "auth.permission", "pk": 53, "fields": {"name": "Can add hit", "content_type": 14, "codename": "add_hit"}}, {"model": "auth.permission", "pk": 54, "fields": {"name": "Can change hit", "content_type": 14, "codename": "change_hit"}}, {"model": "auth.permission", "pk": 55, "fields": {"name": "Can delete hit", "content_type": 14, "codename": "delete_hit"}}, {"model": "auth.permission", "pk": 56, "fields": {"name": "Can view hit", "content_type": 14, "codename": "view_hit"}}, {"model": "auth.permission", "pk": 57, "fields": {"name": "Can add hit count", "content_type": 15, "codename": "add_hitcount"}}, {"model": "auth.permission", "pk": 58, "fields": {"name": "Can change hit count", "content_type": 15, "codename": "change_hitcount"}}, {"model": "auth.permission", "pk": 59, "fields": {"name": "Can delete hit count", "content_type": 15, "codename": "delete_hitcount"}}, {"model": "auth.permission", "pk": 60, "fields": {"name": "Can view hit count", "content_type": 15, "codename": "view_hitcount"}}, {"model": "auth.permission", "pk": 61, "fields": {"name": "Can add reply", "content_type": 16, "codename": "add_reply"}}, {"model": "auth.permission", "pk": 62, "fields": {"name": "Can change reply", "content_type": 16, "codename": "change_reply"}}, {"model": "auth.permission", "pk": 63, "fields": {"name": "Can delete reply", "content_type": 16, "codename": "delete_reply"}}, {"model": "auth.permission", "pk": 64, "fields": {"name": "Can view reply", "content_type": 16, "codename": "view_reply"}}, {"model": "auth.permission", "pk": 65, "fields": {"name": "Can add comment", "content_type": 17, "codename": "add_comment"}}, {"model": "auth.permission", "pk": 66, "fields": {"name": "Can change comment", "content_type": 17, "codename": "change_comment"}}, {"model": "auth.permission", "pk": 67, "fields": {"name": "Can delete comment", "content_type": 17, "codename": "delete_comment"}}, {"model": "auth.permission", "pk": 68, "fields": {"name": "Can view comment", "content_type": 17, "codename": "view_comment"}}, {"model": "auth.user", "pk": 1, "fields": {"password": "pbkdf2_sha256$260000$ah28EWGWXes3D47Uey15SQ$QRGFoMFWTc7FpNju1iongc/CsJoMjyhr22EL+98mVGQ=", "last_login": "2021-11-26T12:09:08.813Z", "is_superuser": true, "username": "admin", "first_name": "", "last_name": "", "email": "", "is_staff": true, "is_active": true, "date_joined": "2021-11-23T10:20:04.704Z", "groups": [], "user_permissions": []}}, {"model": "auth.user", "pk": 2, "fields": {"password": "pbkdf2_sha256$260000$OQNVkXu2GtszhYRzYjJHgx$GeCYp3gggkbXnivW7lDfB2vt0jW50NrKOrHUPFvlCk8=", "last_login": "2021-11-23T14:55:15.694Z", "is_superuser": false, "username": "test", "first_name": "", "last_name": "", "email": "", "is_staff": false, "is_active": true, "date_joined": "2021-11-23T14:55:15.256Z", "groups": [], "user_permissions": []}}, {"model": "auth.user", "pk": 3, "fields": {"password": "pbkdf2_sha256$260000$p8WcIjtDb0fm588jRzSSsz$Oab55/DZcaH55dZr+zmdN51k7QbUAXbcH+/m0lcdXUw=", "last_login": "2021-11-23T15:08:15.090Z", "is_superuser": false, "username": "neww", "first_name": "", "last_name": "", "email": "", "is_staff": false, "is_active": true, "date_joined": "2021-11-23T15:08:14.659Z", "groups": [], "user_permissions": []}}, {"model": "auth.user", "pk": 4, "fields": {"password": "pbkdf2_sha256$260000$dwbx1rkXyJspL0eJ5tAUjT$ULciPWAxDwegmml+HWaqVZY1+PdO6+A5ZqrT5KTk2po=", "last_login": "2021-11-23T15:22:03.819Z", "is_superuser": false, "username": "newww", "first_name": "", "last_name": "", "email": "", "is_staff": false, "is_active": true, "date_joined": "2021-11-23T15:22:03.598Z", "groups": [], "user_permissions": []}}, {"model": "contenttypes.contenttype", "pk": 1, "fields": {"app_label": "admin", "model": "logentry"}}, {"model": "contenttypes.contenttype", "pk": 2, "fields": {"app_label": "auth", "model": "permission"}}, {"model": "contenttypes.contenttype", "pk": 3, "fields": {"app_label": "auth", "model": "group"}}, {"model": "contenttypes.contenttype", "pk": 4, "fields": {"app_label": "auth", "model": "user"}}, {"model": "contenttypes.contenttype", "pk": 5, "fields": {"app_label": "contenttypes", "model": "contenttype"}}, {"model": "contenttypes.contenttype", "pk": 6, "fields": {"app_label": "sessions", "model": "session"}}, {"model": "contenttypes.contenttype", "pk": 7, "fields": {"app_label": "main", "model": "author"}}, {"model": "contenttypes.contenttype", "pk": 8, "fields": {"app_label": "main", "model": "category"}}, {"model": "contenttypes.contenttype", "pk": 9, "fields": {"app_label": "main", "model": "post"}}, {"model": "contenttypes.contenttype", "pk": 10, "fields": {"app_label": "taggit", "model": "tag"}}, {"model": "contenttypes.contenttype", "pk": 11, "fields": {"app_label": "taggit", "model": "taggeditem"}}, {"model": "contenttypes.contenttype", "pk": 12, "fields": {"app_label": "hitcount", "model": "blacklistip"}}, {"model": "contenttypes.contenttype", "pk": 13, "fields": {"app_label": "hitcount", "model": "blacklistuseragent"}}, {"model": "contenttypes.contenttype", "pk": 14, "fields": {"app_label": "hitcount", "model": "hit"}}, {"model": "contenttypes.contenttype", "pk": 15, "fields": {"app_label": "hitcount", "model": "hitcount"}}, {"model": "contenttypes.contenttype", "pk": 16, "fields": {"app_label": "main", "model": "reply"}}, {"model": "contenttypes.contenttype", "pk": 17, "fields": {"app_label": "main", "model": "comment"}}, {"model": "sessions.session", "pk": "bj6j7d2yhq40nht571bn1033c19u0zn9", "fields": {"session_data": ".eJxVjEEOwiAQRe_C2pBSmKG4dO8ZCDCDVA0kpV0Z765NutDtf-_9l_BhW4vfOi9-JnEWRpx-txjSg-sO6B7qrcnU6rrMUe6KPGiX10b8vBzu30EJvXzrKWdUyEkH5YKBYTQAGQAJwTIZRmMjuchpsCNPxiJGpR1rm11yoJR4fwDbKTdm:1mpXcR:WZlWNvUE1O4q1D3X7bXJ5nxaqv4c0AcISbieJK_Umdc", "expire_date": "2021-12-07T15:22:03.852Z"}}, {"model": "sessions.session", "pk": "eds0r007so93lu8v4ua5rhpsf1xxqg79", "fields": {"session_data": ".eJxVjMsOwiAUBf-FtSEClYdL9_0Gwn0gVQNJaVfGf7dNutDtmZnzFjGtS4lr5zlOJK5CidPvBgmfXHdAj1TvTWKryzyB3BV50C7HRvy6He7fQUm9bDVa9IbYXhyHPBBAsITEeLYZiJIbtGejtFFecQ7eaMcuwEC0CSYQiM8XEtM43g:1mqa2O:WIkJeMmcuhv0zxbDOPMAhfmuyc9CVN3chLDEPRGLliI", "expire_date": "2021-12-10T12:09:08.822Z"}}, {"model": "sessions.session", "pk": "g5ytxe2ausvchrnhwp72z4tt5bsq6fs3", "fields": {"session_data": ".eJxVjEEOwiAQRe_C2pCBoRRcuvcMZIBBqoYmpV0Z765NutDtf-_9lwi0rTVsnZcwZXEWKE6_W6T04LaDfKd2m2Wa27pMUe6KPGiX1znz83K4fweVev3WySBCMSqSt8oW8MqPhkxCbdEaRco674vPUAAHYB6cY45m1BqZLCjx_gC12jay:1mpXP5:TCiNIFgdK5E5es9vET4BZFFkAxhzdlowATwwdIfBzW4", "expire_date": "2021-12-07T15:08:15.098Z"}}, {"model": "sessions.session", "pk": "gtt8dqce1xfmo85j6vmvxcem4cndml5d", "fields": {"session_data": ".eJxVjEsKwjAUAO-StQTTfGpcuu8ZwvvFVCWFpl2Jd5dAF7qdGeatEuxbSXuTNc2srmpQp1-GQE-pXfAD6n3RtNRtnVH3RB-26Wlhed2O9m9QoJW-JcjImEe5eCvDaF0GxhgMB-PYIhGQz47PmG0kysZAQLZEkQW9kPp8ASvJOjQ:1mpXCV:dN4twEImX_1Aqbggsyt6jlpXknulV1Af1DCsvYhtZHQ", "expire_date": "2021-12-07T14:55:15.708Z"}}, {"model": "main.author", "pk": 1, "fields": {"user": 1, "fullname": "Payal Yadav", "slug": "payal-yadav", "bio": "<p>Hey Payal here.</p>\r\n<p>Currently pursuing final year of engineering from Army Institute of Technology, Pune.</p>\r\n<p>Passionate about coding.</p>", "points": 0, "profile_pic": "authors/img_payal.jpeg"}}, {"model": "main.author", "pk": 2, "fields": {"user": 4, "fullname": "newww user", "slug": "newww-user", "bio": "Bio", "points": 0, "profile_pic": ""}}, {"model": "main.category", "pk": 1, "fields": {"title": "Data Structure and Algorithms", "slug": "data-structure-and-algorithms", "description": "description"}}, {"model": "main.category", "pk": 2, "fields": {"title": "ML & AI", "slug": "ml-ai", "description": "description"}}, {"model": "main.category", "pk": 3, "fields": {"title": "Coding", "slug": "coding", "description": "Must do to be placed in product based companies"}}, {"model": "main.category", "pk": 4, "fields": {"title": "Web Development", "slug": "web-development", "description": "description"}}, {"model": "main.category", "pk": 5, "fields": {"title": "Data Science", "slug": "data-science", "description": "description"}}, {"model": "main.category", "pk": 6, "fields": {"title": "AR/VR", "slug": "arvr", "description": "description"}}, {"model": "main.category", "pk": 7, "fields": {"title": "Cyber Security", "slug": "cyber-security", "description": "description"}}, {"model": "main.reply", "pk": 1, "fields": {"user": 1, "content": "Yeah with easier syntax , C++ also provides various shortcuts which saves time.", "date": "2021-11-23T12:48:30.625Z"}}, {"model": "main.reply", "pk": 2, "fields": {"user": 1, "content": "yes true. improves efficiency", "date": "2021-11-23T12:52:20.305Z"}}, {"model": "main.reply", "pk": 3, "fields": {"user": 1, "content": "Our first reply from the template", "date": "2021-11-24T03:40:58.317Z"}}, {"model": "main.reply", "pk": 4, "fields": {"user": 1, "content": "This is the reply !!!", "date": "2021-11-26T12:05:14.776Z"}}, {"model": "main.comment", "pk": 1, "fields": {"user": 1, "content": "Yes, according to me C++ is better . As it's syntax is easier comparison to Java", "date": "2021-11-23T12:47:03.226Z", "replies": [1, 2]}}, {"model": "main.comment", "pk": 2, "fields": {"user": 1, "content": "A new comment from the template", "date": "2021-11-24T03:24:18.498Z", "replies": [3]}}, {"model": "main.comment", "pk": 3, "fields": {"user": 1, "content": "are the variables only to store address of another variable", "date": "2021-11-24T07:28:46.982Z", "replies": []}}, {"model": "main.comment", "pk": 4, "fields": {"user": 1, "content": "Yeah true!!", "date": "2021-11-26T10:49:37.028Z", "replies": []}}, {"model": "main.comment", "pk": 5, "fields": {"user": 1, "content": "This is the comment for Ai post!!", "date": "2021-11-26T12:04:58.573Z", "replies": [4]}}, {"model": "main.comment", "pk": 6, "fields": {"user": 1, "content": "hackerrank", "date": "2021-11-27T15:23:58.323Z", "replies": []}}, {"model": "main.post", "pk": 1, "fields": {"title": "C++ vs Java", "slug": "c-vs-java", "user": 1, "content": "<p>Is C++ better than Java for competitive coding?</p>\r\n<p>If yes, why?</p>", "date": "2021-11-23T10:34:01.876Z", "approved": true, "closed": false, "state": "zero", "categories": [3], "comments": [1, 2]}}, {"model": "main.post", "pk": 2, "fields": {"title": "DSA", "slug": "dsa", "user": 1, "content": "<p>Is DSA enough for interviews</p>", "date": "2021-11-23T16:11:27.598Z", "approved": true, "closed": false, "state": "zero", "categories": [1], "comments": []}}, {"model": "main.post", "pk": 3, "fields": {"title": "Coding Platform", "slug": "coding-platform", "user": 1, "content": "Which coding platform is best for newbie?", "date": "2021-11-24T04:12:05.506Z", "approved": true, "closed": false, "state": "zero", "categories": [3], "comments": [6]}}, {"model": "main.post", "pk": 4, "fields": {"title": "Inbuilt functions", "slug": "inbuilt-functions", "user": 1, "content": "<p>Can we code using inbuilt functions during interviews?</p>", "date": "2021-11-24T04:13:37.535Z", "approved": true, "closed": true, "state": "zero", "categories": [3], "comments": []}}, {"model": "main.post", "pk": 5, "fields": {"title": "Pointers in C++", "slug": "pointers-in-c", "user": 1, "content": "What's the use of pointers in C++?", "date": "2021-11-24T04:14:59.543Z", "approved": true, "closed": false, "state": "zero", "categories": [3], "comments": [3]}}, {"model": "main.post", "pk": 6, "fields": {"title": "Templates in C++", "slug": "templates-in-c", "user": 1, "content": "Why to use Templates in C++?", "date": "2021-11-24T04:17:23.007Z", "approved": true, "closed": false, "state": "zero", "categories": [3], "comments": []}}, {"model": "main.post", "pk": 7, "fields": {"title": "Graphs in C++", "slug": "graphs-in-c", "user": 1, "content": "Difference between Kruskal and Prim's Algorithm", "date": "2021-11-24T04:20:28.256Z", "approved": true, "closed": false, "state": "zero", "categories": [3], "comments": []}}, {"model": "main.post", "pk": 8, "fields": {"title": "Tree vs Graphs", "slug": "tree-vs-graphs", "user": 1, "content": "Can we implement graph using tree or vice-versa", "date": "2021-11-24T04:21:31.395Z", "approved": true, "closed": false, "state": "zero", "categories": [3], "comments": []}}, {"model": "main.post", "pk": 9, "fields": {"title": "Machine Learning", "slug": "machine-learning", "user": 1, "content": "<p>content of ML</p>", "date": "2021-11-26T10:48:47.281Z", "approved": true, "closed": false, "state": "zero", "categories": [2], "comments": [4]}}, {"model": "main.post", "pk": 10, "fields": {"title": "AI", "slug": "ai", "user": 1, "content": "<p>content of AI</p>", "date": "2021-11-26T12:03:31.162Z", "approved": true, "closed": false, "state": "zero", "categories": [2], "comments": [5]}}, {"model": "hitcount.hitcount", "pk": 1, "fields": {"hits": 1, "modified": "2021-11-23T11:00:38.042Z", "content_type": 9, "object_pk": 1}}, {"model": "hitcount.hitcount", "pk": 2, "fields": {"hits": 1, "modified": "2021-11-23T16:12:21.103Z", "content_type": 9, "object_pk": 2}}, {"model": "hitcount.hitcount", "pk": 3, "fields": {"hits": 2, "modified": "2021-11-24T07:52:33.485Z", "content_type": 9, "object_pk": 3}}, {"model": "hitcount.hitcount", "pk": 4, "fields": {"hits": 2, "modified": "2021-11-24T07:52:37.191Z", "content_type": 9, "object_pk": 4}}, {"model": "hitcount.hitcount", "pk": 5, "fields": {"hits": 2, "modified": "2021-11-24T07:52:40.136Z", "content_type": 9, "object_pk": 5}}, {"model": "hitcount.hitcount", "pk": 6, "fields": {"hits": 1, "modified": "2021-11-24T07:42:34.398Z", "content_type": 9, "object_pk": 6}}, {"model": "hitcount.hitcount", "pk": 7, "fields": {"hits": 0, "modified": "2021-11-24T04:26:08.482Z", "content_type": 9, "object_pk": 7}}, {"model": "hitcount.hitcount", "pk": 8, "fields": {"hits": 0, "modified": "2021-11-24T04:26:08.493Z", "content_type": 9, "object_pk": 8}}, {"model": "hitcount.hitcount", "pk": 9, "fields": {"hits": 2, "modified": "2021-11-26T12:05:54.411Z", "content_type": 9, "object_pk": 9}}, {"model": "hitcount.hitcount", "pk": 10, "fields": {"hits": 1, "modified": "2021-11-26T12:04:36.692Z", "content_type": 9, "object_pk": 10}}, {"model": "hitcount.hit", "pk": 1, "fields": {"created": "2021-11-23T11:00:38.059Z", "ip": "127.0.0.1", "session": "drjny5fyb1cpvgzmpwonzuutanu98afz", "user_agent": "Mozilla/5.0 (Windows NT 10.0; Win64; x64) AppleWebKit/537.36 (KHTML, like Gecko) Chrome/96.0.4664.45 Safari/537.36", "user": 1, "hitcount": 1}}, {"model": "hitcount.hit", "pk": 2, "fields": {"created": "2021-11-23T16:12:21.124Z", "ip": "127.0.0.1", "session": "73k6krkvs97t4gcpwxkkpz79poq5pi59", "user_agent": "Mozilla/5.0 (Windows NT 10.0; Win64; x64) AppleWebKit/537.36 (KHTML, like Gecko) Chrome/96.0.4664.45 Safari/537.36", "user": 1, "hitcount": 2}}, {"model": "hitcount.hit", "pk": 3, "fields": {"created": "2021-11-24T06:45:52.180Z", "ip": "127.0.0.1", "session": "73k6krkvs97t4gcpwxkkpz79poq5pi59", "user_agent": "Mozilla/5.0 (Windows NT 10.0; Win64; x64) AppleWebKit/537.36 (KHTML, like Gecko) Chrome/96.0.4664.45 Safari/537.36", "user": 1, "hitcount": 3}}, {"model": "hitcount.hit", "pk": 4, "fields": {"created": "2021-11-24T07:18:48.107Z", "ip": "127.0.0.1", "session": "73k6krkvs97t4gcpwxkkpz79poq5pi59", "user_agent": "Mozilla/5.0 (Windows NT 10.0; Win64; x64) AppleWebKit/537.36 (KHTML, like Gecko) Chrome/96.0.4664.45 Safari/537.36", "user": 1, "hitcount": 4}}, {"model": "hitcount.hit", "pk": 5, "fields": {"created": "2021-11-24T07:28:10.739Z", "ip": "127.0.0.1", "session": "73k6krkvs97t4gcpwxkkpz79poq5pi59", "user_agent": "Mozilla/5.0 (Windows NT 10.0; Win64; x64) AppleWebKit/537.36 (KHTML, like Gecko) Chrome/96.0.4664.45 Safari/537.36", "user": 1, "hitcount": 5}}, {"model": "hitcount.hit", "pk": 6, "fields": {"created": "2021-11-24T07:42:34.414Z", "ip": "127.0.0.1", "session": "73k6krkvs97t4gcpwxkkpz79poq5pi59", "user_agent": "Mozilla/5.0 (Windows NT 10.0; Win64; x64) AppleWebKit/537.36 (KHTML, like Gecko) Chrome/96.0.4664.45 Safari/537.36", "user": 1, "hitcount": 6}}, {"model": "hitcount.hit", "pk": 7, "fields": {"created": "2021-11-24T07:52:33.494Z", "ip": "127.0.0.1", "session": "vtggaojv7p29wdoxawo88jw30rv1alhd", "user_agent": "Mozilla/5.0 (Windows NT 10.0; Win64; x64) AppleWebKit/537.36 (KHTML, like Gecko) Chrome/96.0.4664.45 Safari/537.36", "user": null, "hitcount": 3}}, {"model": "hitcount.hit", "pk": 8, "fields": {"created": "2021-11-24T07:52:37.202Z", "ip": "127.0.0.1", "session": "vtggaojv7p29wdoxawo88jw30rv1alhd", "user_agent": "Mozilla/5.0 (Windows NT 10.0; Win64; x64) AppleWebKit/537.36 (KHTML, like Gecko) Chrome/96.0.4664.45 Safari/537.36", "user": null, "hitcount": 4}}, {"model": "hitcount.hit", "pk": 9, "fields": {"created": "2021-11-24T07:52:40.148Z", "ip": "127.0.0.1", "session": "vtggaojv7p29wdoxawo88jw30rv1alhd", "user_agent": "Mozilla/5.0 (Windows NT 10.0; Win64; x64) AppleWebKit/537.36 (KHTML, like Gecko) Chrome/96.0.4664.45 Safari/537.36", "user": null, "hitcount": 5}}, {"model": "hitcount.hit", "pk": 10, "fields": {"created": "2021-11-26T10:49:26.234Z", "ip": "127.0.0.1", "session": "dy3o9geppc09zrfy66h6rpp0zw3p08u1", "user_agent": "Mozilla/5.0 (Windows NT 10.0; Win64; x64) AppleWebKit/537.36 (KHTML, like Gecko) Chrome/96.0.4664.45 Safari/537.36", "user": 1, "hitcount": 9}}, {"model": "hitcount.hit", "pk": 11, "fields": {"created": "2021-11-26T12:04:36.705Z", "ip": "127.0.0.1", "session": "dy3o9geppc09zrfy66h6rpp0zw3p08u1", "user_agent": "Mozilla/5.0 (Windows NT 10.0; Win64; x64) AppleWebKit/537.36 (KHTML, like Gecko) Chrome/96.0.4664.45 Safari/537.36", "user": 1, "hitcount": 10}}, {"model": "hitcount.hit", "pk": 12, "fields": {"created": "2021-11-26T12:05:54.423Z", "ip": "127.0.0.1", "session": "xlchdpxnxbfww13ne9aznx4n448dhmyd", "user_agent": "Mozilla/5.0 (Windows NT 10.0; Win64; x64) AppleWebKit/537.36 (KHTML, like Gecko) Chrome/96.0.4664.45 Safari/537.36", "user": null, "hitcount": 9}}, {"model": "taggit.tag", "pk": 1, "fields": {"name": "C++", "slug": "c"}}, {"model": "taggit.tag", "pk": 2, "fields": {"name": "ML", "slug": "ml"}}, {"model": "taggit.tag", "pk": 3, "fields": {"name": "AI", "slug": "ai"}}, {"model": "taggit.taggeditem", "pk": 1, "fields": {"tag": 1, "content_type": 9, "object_id": 1}}, {"model": "taggit.taggeditem", "pk": 2, "fields": {"tag": 1, "content_type": 9, "object_id": 2}}, {"model": "taggit.taggeditem", "pk": 3, "fields": {"tag": 1, "content_type": 9, "object_id": 3}}, {"model": "taggit.taggeditem", "pk": 4, "fields": {"tag": 1, "content_type": 9, "object_id": 4}}, {"model": "taggit.taggeditem", "pk": 5, "fields": {"tag": 1, "content_type": 9, "object_id": 5}}, {"model": "taggit.taggeditem", "pk": 6, "fields": {"tag": 1, "content_type": 9, "object_id": 6}}, {"model": "taggit.taggeditem", "pk": 7, "fields": {"tag": 1, "content_type": 9, "object_id": 7}}, {"model": "taggit.taggeditem", "pk": 8, "fields": {"tag": 1, "content_type": 9, "object_id": 8}}, {"model": "taggit.taggeditem", "pk": 9, "fields": {"tag": 2, "content_type": 9, "object_id": 9}}, {"model": "taggit.taggeditem", "pk": 10, "fields": {"tag": 3, "content_type": 9, "object_id": 10}}]